City_ID,City,Lat,Lng,Max Temp,Humidity,Cloudiness,Wind Speed,Country,Date
0,naze,28.3667,129.4833,67.12,63,71,7.7,JP,1683829765
1,adamstown,-25.066,-130.1015,70.66,55,94,19.75,PN,1683829765
2,margaret river,-33.95,115.0667,51.69,75,13,7.99,AU,1683829765
3,saipan,15.1355,145.701,81.3,100,40,5.01,MP,1683829765
4,yamada,39.4667,141.95,42.48,86,5,4.07,JP,1683829766
5,waitangi,-43.9535,-176.5597,52.23,54,72,21.81,NZ,1683829766
6,ancud,-41.8697,-73.8203,56.53,91,100,8.39,CL,1683829766
7,nova sintra,14.8667,-24.7167,68.11,82,5,16.6,CV,1683829766
8,fukuecho,32.6881,128.8419,63.82,72,51,6.31,JP,1683829766
9,san juan del sur,11.2529,-85.8705,91.62,66,20,0.0,NI,1683829767
10,susuman,62.7833,148.1667,28.89,92,83,0.89,RU,1683829767
11,magdalena de kino,30.6333,-110.95,76.06,11,1,4.59,MX,1683829657
12,algona,43.07,-94.233,68.13,100,0,13.8,US,1683829567
13,edinburgh of the seven seas,-37.0676,-12.3116,62.15,77,88,22.77,SH,1683829768
14,invercargill,-46.4,168.35,47.01,95,78,3.0,NZ,1683829768
15,ardesen,41.1911,40.9875,57.72,93,100,0.76,TR,1683829768
16,brookings,44.3114,-96.7984,77.34,68,0,10.36,US,1683829610
17,kapuskasing,49.4169,-82.4331,69.8,46,100,11.5,CA,1683829768
18,northam,51.0333,-4.2167,57.61,81,21,6.64,GB,1683829768
19,inirida,3.8653,-67.9239,82.76,73,94,3.62,CO,1683829769
20,luderitz,-26.6481,15.1594,61.47,68,100,17.96,NA,1683829769
21,port-aux-francais,-49.35,70.2167,45.52,92,100,41.54,TF,1683829769
22,port lincoln,-34.7333,135.8667,58.14,70,87,11.39,AU,1683829769
23,igarka,67.4667,86.5833,6.08,84,13,17.96,RU,1683829474
24,polyarnyy,69.1989,33.4478,38.23,99,100,4.85,RU,1683829770
25,kudymkar,59.0173,54.656,40.84,60,5,3.83,RU,1683829770
26,poltavka,54.3663,71.7632,49.59,43,12,8.5,RU,1683829770
27,georgetown,5.4112,100.3354,85.95,88,20,3.44,MY,1683829640
28,port alfred,-33.5906,26.891,62.19,89,91,1.01,ZA,1683829770
29,blackmans bay,-43.0167,147.3167,48.33,87,100,6.53,AU,1683829771
30,olonkinbyen,70.9221,-8.7187,31.06,86,95,9.04,SJ,1683829771
31,vilyuchinsk,52.9306,158.4028,34.07,93,100,7.07,RU,1683829771
32,kangding,30.0513,101.9603,37.09,97,97,2.53,CN,1683829771
33,crane,31.3974,-102.3501,81.12,10,0,15.12,US,1683829480
34,bayevo,53.2833,80.7667,48.96,72,16,9.62,RU,1683829771
35,grytviken,-54.2811,-36.5092,26.53,79,27,11.07,GS,1683829772
36,college,64.8569,-147.8028,56.08,52,75,5.75,US,1683829772
37,oranjemund,-28.55,16.4333,57.72,89,100,15.3,NA,1683829772
38,badger,64.8,-147.5333,55.99,48,75,5.75,US,1683829772
39,uliastay,47.7417,96.8444,44.53,43,39,4.94,MN,1683829772
40,bilibino,68.0546,166.4372,29.12,82,80,2.19,RU,1683829772
41,sao tome,0.3365,6.7273,82.89,78,75,5.01,ST,1683829773
42,yaren,-0.5472,166.916,83.17,75,90,12.71,NR,1683829773
43,iqaluit,63.7506,-68.5145,26.33,73,20,10.36,CA,1683829773
44,kodiak,57.79,-152.4072,40.51,87,100,9.22,US,1683829773
45,fort bragg,35.139,-79.006,83.91,44,0,4.61,US,1683829773
46,ilulissat,69.2167,-51.1,28.42,80,75,19.57,GL,1683829774
47,vorgashor,67.5833,63.95,17.55,96,98,3.87,RU,1683829774
48,selfoss,63.9331,-20.9971,48.04,90,100,14.07,IS,1683829774
49,tiksi,71.6872,128.8694,10.76,82,82,21.39,RU,1683829774
50,chu,43.5983,73.7614,71.01,34,100,7.99,KZ,1683829774
51,ginir,7.1333,40.7,60.91,85,70,5.01,ET,1683829775
52,bethel,41.3712,-73.414,80.64,32,0,11.5,US,1683829775
53,mahibadhoo,3.7833,72.9667,83.12,77,100,15.03,MV,1683829775
54,bredasdorp,-34.5322,20.0403,56.01,65,100,11.59,ZA,1683829775
55,avarua,-21.2078,-159.775,77.05,73,20,13.8,CK,1683829775
56,thunder bay,48.4001,-89.3168,76.98,41,40,35.68,CA,1683829775
57,ribeira grande,38.5167,-28.7,68.4,64,20,15.99,PT,1683829775
58,wesley,15.5667,-61.3167,87.98,70,20,11.5,DM,1683829776
59,triggiano,41.0667,16.926,66.02,74,40,7.0,IT,1683829776
60,ataq,14.5377,46.8319,76.64,62,11,11.59,YE,1683829776
61,port elizabeth,-33.918,25.5701,64.69,97,100,16.11,ZA,1683829776
62,sitka,57.0531,-135.33,53.49,54,75,13.8,US,1683829776
63,arkhangel'sk,64.5401,40.5433,44.01,85,96,5.5,RU,1683829776
64,iskateley,67.6803,53.1512,32.29,99,100,11.77,RU,1683829777
65,weno,7.4515,151.8468,83.26,79,97,9.31,FM,1683829777
66,thompson,55.7435,-97.8558,60.96,39,40,2.3,CA,1683829777
67,bayanhongor,46.7167,100.1167,36.28,41,4,3.15,MN,1683829777
68,tutoia,-2.7619,-42.2744,84.97,69,61,9.26,BR,1683829777
69,al qaryatayn,34.2296,37.2407,80.01,22,59,20.85,SY,1683829777
70,svetlyy,54.675,20.1347,59.05,72,12,8.68,RU,1683829778
71,carnarvon,-24.8667,113.6333,71.78,55,0,12.66,AU,1683829778
72,las animas,-39.8087,-73.2182,62.74,72,86,4.54,CL,1683829778
73,yampil',51.95,33.7833,47.39,81,72,6.42,UA,1683829778
74,dzhangala,49.2167,50.3333,53.47,92,100,9.31,KZ,1683829778
75,muynoq,43.7683,59.0214,71.92,43,32,2.73,UZ,1683829778
76,papao,-17.75,-149.55,78.48,92,100,30.0,PF,1683829778
77,bondo,3.8146,23.6866,74.08,80,87,2.1,CD,1683829779
78,mossendjo,-2.9506,12.7261,72.01,96,89,0.49,CG,1683829779
79,podgorenskiy,50.405,39.6429,45.37,89,91,5.91,RU,1683829779
80,la ronge,55.1001,-105.2842,73.62,26,40,8.05,CA,1683829779
81,stanley,54.868,-1.6985,56.52,77,20,6.91,GB,1683829779
82,albany,42.6001,-73.9662,78.64,30,7,3.0,US,1683829779
83,kununurra,-15.7667,128.7333,67.98,34,4,6.91,AU,1683829780
84,dalandzadgad,43.5708,104.425,46.02,72,34,18.48,MN,1683829780
85,tabas,33.5959,56.9244,80.82,19,25,4.61,IR,1683829780
86,laguna,38.421,-121.4238,69.44,60,0,5.75,US,1683829780
87,puerto ayora,-0.7393,-90.3518,87.76,93,64,5.99,EC,1683829780
88,cloverdale,38.8055,-123.0172,72.52,63,64,3.0,US,1683829247
89,den burg,53.0542,4.7972,57.99,89,100,12.66,NL,1683829780
90,khandyga,62.6667,135.6,33.13,98,100,2.3,RU,1683829781
91,alcantara,-2.4089,-44.4147,82.6,68,41,8.19,BR,1683829781
92,new plymouth,-39.0667,174.0833,46.31,100,45,3.76,NZ,1683829781
93,nouadhibou,20.931,-17.0347,69.78,78,45,23.02,MR,1683829781
94,waslala,13.2333,-85.3833,96.51,34,74,6.96,NI,1683829781
95,anadyr,64.75,177.4833,30.7,80,0,8.95,RU,1683829781
96,arraial do cabo,-22.9661,-42.0278,73.36,78,75,6.91,BR,1683829568
97,smithers,54.7804,-127.1743,59.32,38,40,4.61,CA,1683829782
98,puerto natales,-51.7236,-72.4875,48.65,76,75,4.61,CL,1683829782
99,kone,-21.0595,164.8658,71.13,79,100,5.08,NC,1683829782
100,hamilton,39.1834,-84.5333,82.99,37,0,5.01,US,1683829782
101,tazovsky,67.4667,78.7,-1.71,100,36,7.56,RU,1683829787
102,bodo,67.28,14.405,46.44,99,100,11.5,NO,1683829788
103,new ross,52.3967,-6.9367,55.4,89,95,8.25,IE,1683829788
104,lompoc,34.6391,-120.4579,66.85,71,44,18.01,US,1683829670
105,west island,-12.1568,96.8225,84.18,84,75,13.8,CC,1683829788
106,kainantu,-6.2887,145.8655,60.37,97,97,0.65,PG,1683829788
107,howrah,22.5892,88.3103,86.0,79,20,11.5,IN,1683829788
108,whitehorse,60.7161,-135.0538,55.81,40,75,10.36,CA,1683829788
109,khyzy,40.9058,49.0813,48.34,89,99,8.97,AZ,1683829789
110,minakuchicho-matoba,34.9667,136.1667,52.25,74,54,1.05,JP,1683829789
111,salekhard,66.53,66.6019,10.15,98,74,2.51,RU,1683829789
112,yellowknife,62.456,-114.3525,64.92,29,40,18.41,CA,1683829502
113,wailua homesteads,22.0669,-159.378,75.63,89,100,8.05,US,1683829789
114,happy valley-goose bay,53.3168,-60.3315,53.91,20,40,8.05,CA,1683829700
115,mitsamiouli,-11.3847,43.2844,80.56,74,8,5.1,KM,1683829790
116,jamestown,42.097,-79.2353,76.51,37,0,6.91,US,1683829743
117,tank,32.2217,70.3793,92.17,20,77,8.01,PK,1683829790
118,yuzhno-kurilsk,44.0306,145.8556,37.04,88,12,9.8,RU,1683829790
119,ust'-kut,56.7938,105.7672,32.41,70,52,3.89,RU,1683829790
120,cabo san lucas,22.8909,-109.9124,86.31,17,0,13.8,MX,1683829791
121,hermanus,-34.4187,19.2345,53.8,66,100,13.85,ZA,1683829791
122,sao jose da coroa grande,-8.8978,-35.1478,82.13,70,53,8.25,BR,1683829791
123,east london,-33.0153,27.9116,63.54,82,0,8.05,ZA,1683829791
124,grootfontein,-19.5667,18.1167,56.77,47,42,1.14,NA,1683829791
125,shiyan,32.6475,110.7781,58.91,79,20,4.92,CN,1683829791
126,sidareja,-7.4846,108.7923,74.89,95,98,2.89,ID,1683829792
127,port mathurin,-19.6833,63.4167,77.72,77,72,20.89,MU,1683829792
128,eyl,7.9803,49.8164,81.9,82,100,14.74,SO,1683829792
129,barreirinha,-2.7933,-57.07,83.8,77,85,4.12,BR,1683829792
130,qaqortoq,60.7167,-46.0333,36.75,87,100,2.46,GL,1683829792
131,canillo,42.5833,1.6667,39.43,95,92,5.7,AD,1683829792
132,charters towers,-20.1,146.2667,61.43,92,0,8.72,AU,1683829793
133,afaahiti,-17.75,-149.2833,76.87,93,100,26.6,PF,1683829793
134,songea,-10.6833,35.65,65.55,75,100,1.7,TZ,1683829793
135,minas de marcona,-15.2119,-75.1103,68.56,58,69,10.83,PE,1683829793
136,tralee,52.2704,-9.7026,53.22,92,77,17.0,IE,1683829793
137,srivardhan,18.0333,73.0167,83.68,76,29,2.98,IN,1683829793
138,quellon,-43.1167,-73.6167,59.25,88,100,3.44,CL,1683829794
139,longyearbyen,78.2186,15.6401,30.04,80,75,14.97,SJ,1683829698
140,pyhajarvi,67.0701,27.2176,38.1,100,100,1.28,FI,1683829794
141,tual,-5.6667,132.75,81.36,84,100,18.21,ID,1683829794
142,melekeok village,7.4957,134.6367,75.76,100,75,0.0,PW,1683829794
143,talnakh,69.4865,88.3972,2.21,86,19,13.09,RU,1683829794
144,atafu village,-8.5421,-172.5159,84.09,76,73,14.43,TK,1683829794
145,mount isa,-20.7333,139.5,55.17,47,0,8.05,AU,1683829795
146,ushuaia,-54.8,-68.3,46.06,71,75,5.75,AR,1683829695
147,burabay,53.0838,70.3138,48.4,64,32,4.72,KZ,1683829795
148,petropavlovsk-kamchatsky,53.0452,158.6483,32.59,93,75,2.24,RU,1683829795
149,yumaguzino,52.9041,56.3933,48.11,73,96,3.67,RU,1683829795
150,keflavik,64.0049,-22.5624,49.91,87,100,23.02,IS,1683829795
151,isafjordur,66.0755,-23.124,50.04,71,75,9.22,IS,1683829795
152,taltal,-25.4,-70.4833,67.46,70,37,4.92,CL,1683829796
153,martil,35.6166,-5.2752,71.56,64,40,6.91,MA,1683829796
154,pangody,65.85,74.4859,9.18,94,63,6.69,RU,1683829796
155,ta`u,-14.2336,-169.5144,81.61,78,41,10.42,AS,1683829796
156,dalhart,36.0595,-102.5133,73.47,23,0,19.57,US,1683829796
157,tenenkou,14.4572,-4.9169,103.03,7,99,9.64,ML,1683829796
158,kertih,4.5141,103.4483,80.62,94,61,0.0,MY,1683829796
159,mount pearl,47.5166,-52.7813,53.46,37,40,19.57,CA,1683829590
160,mabaruma,8.2,-59.7833,82.69,73,97,5.28,GY,1683829797
161,dunedin,-45.8742,170.5036,51.8,83,99,8.99,NZ,1683829707
162,hwange,-18.3693,26.5019,69.69,44,2,2.42,ZW,1683829797
163,yorkton,51.2167,-102.4677,71.44,30,75,2.3,CA,1683829797
164,peresichna,50.0241,35.9826,47.75,78,88,5.73,UA,1683829797
165,nuuk,64.1835,-51.7216,38.01,93,75,11.5,GL,1683829798
166,hithadhoo,-0.6,73.0833,82.98,79,100,14.54,MV,1683829798
167,jiayuguan,39.8167,98.3,58.69,18,3,8.86,CN,1683829798
168,turaif,31.6725,38.6637,80.85,9,0,6.91,SA,1683829798
169,utrik,11.2278,169.8474,81.09,81,95,18.12,MH,1683829798
170,la passe,45.5549,-0.8967,58.03,70,16,12.44,FR,1683829798
171,roma,43.2128,-75.4557,76.08,41,0,10.36,US,1683829799
172,nemuro,43.3236,145.575,37.47,82,14,11.86,JP,1683829799
173,baoding,38.8511,115.4903,61.0,48,15,6.55,CN,1683829799
174,cheat lake,39.672,-79.8534,78.84,35,0,3.0,US,1683829799
175,nar'yan-mar,67.6713,53.087,32.38,99,100,11.79,RU,1683829799
176,pundong,-7.9522,110.3486,78.57,84,99,4.21,ID,1683829799
177,jinghong,21.991,100.7341,72.3,83,48,2.26,CN,1683829800
178,road town,18.4167,-64.6167,86.04,66,20,9.22,VG,1683829800
179,papatowai,-46.5619,169.4708,51.06,86,91,14.09,NZ,1683829800
180,remire-montjoly,4.9167,-52.2667,77.04,94,100,8.05,GF,1683829800
181,shahrud,36.4182,54.9763,67.3,42,84,6.4,IR,1683829801
182,kulhudhuffushi,6.6221,73.07,84.04,76,80,9.62,MV,1683829801
183,lebu,-37.6167,-73.65,60.15,81,97,8.34,CL,1683829801
184,tura,25.5198,90.2201,78.06,52,94,4.14,IN,1683829801
185,waterloo,43.4668,-80.5164,77.54,38,40,11.5,CA,1683829579
186,udachny,66.4167,112.4,32.45,92,100,14.25,RU,1683829802
187,coquimbo,-29.9533,-71.3436,60.53,82,20,9.22,CL,1683829652
188,la'ie,21.6477,-157.9253,76.1,85,25,4.0,US,1683829803
189,kidal,18.4411,1.4078,96.17,9,100,2.33,ML,1683829803
190,hasaki,35.7333,140.8333,55.22,52,15,8.88,JP,1683829804
191,san ignacio,17.1561,-89.0714,96.94,46,20,6.91,BZ,1683829804
192,pauini,-7.7136,-66.9764,80.76,79,100,3.09,BR,1683829804
193,navolato,24.7672,-107.6944,89.78,10,7,12.66,MX,1683829805
194,howard springs,-12.497,131.047,66.11,70,94,6.91,AU,1683829805
195,chui,-33.6971,-53.4616,62.11,64,76,9.06,UY,1683829805
196,araguaina,-7.1911,-48.2072,88.0,56,70,4.54,BR,1683829806
197,viedma,-40.8135,-62.9967,68.7,29,12,18.48,AR,1683829807
198,flying fish cove,-10.4217,105.6791,80.28,94,100,12.66,CX,1683829807
199,terme,41.2092,36.9739,53.53,83,100,5.61,TR,1683829664
200,faya-largeau,17.9257,19.1043,92.3,11,100,10.8,TD,1683829807
201,igrim,63.1906,64.4162,34.38,69,100,5.73,RU,1683829807
202,palmer,42.1584,-72.3287,81.14,26,40,12.66,US,1683829516
203,mudgere,13.1333,75.6333,67.69,91,100,2.91,IN,1683829808
204,barmer,25.75,71.3833,91.06,20,0,12.59,IN,1683829808
205,sahaswan,28.0833,78.75,86.94,11,0,3.44,IN,1683829808
206,murzuq,25.9155,13.9184,75.81,28,15,9.31,LY,1683829809
207,kralendijk,12.15,-68.2667,87.78,62,75,16.11,BQ,1683829809
208,nadym,65.5333,72.5167,15.24,92,93,6.22,RU,1683829809
209,emerald,-23.5333,148.1667,59.34,88,0,8.32,AU,1683829809
210,tadine,-21.55,167.8833,72.88,75,100,17.49,NC,1683829810
211,fale old settlement,-9.3852,-171.2468,83.75,77,100,14.74,TK,1683829810
212,colonia,50.9333,6.95,59.97,86,20,3.44,DE,1683829767
213,san antonio de pale,-1.4014,5.6325,82.63,80,100,10.69,GQ,1683829810
214,sarapul,56.4763,53.7978,47.48,61,26,5.53,RU,1683829811
215,kashgar,39.4547,75.9797,67.21,19,100,8.95,CN,1683829811
216,huarmey,-10.0681,-78.1522,77.99,71,69,9.6,PE,1683829811
217,port saint john's,-31.6229,29.5448,70.36,85,37,12.5,ZA,1683829611
218,claiborne,32.516,-92.1918,69.51,90,100,12.66,US,1683829812
219,kibre mengist,5.8833,38.9833,59.29,97,53,0.81,ET,1683829812
220,hammerfest,70.6634,23.6821,45.05,100,75,3.44,NO,1683829812
221,klyuchi,52.2667,79.1667,52.32,63,95,11.25,RU,1683829812
222,fairmont,39.4851,-80.1426,79.39,32,100,1.01,US,1683829647
223,callao,-12.0667,-77.15,75.49,64,20,12.66,PE,1683829740
224,okhotsk,59.3833,143.3,31.82,89,99,3.22,RU,1683829813
225,rongelap,11.1635,166.8941,81.21,83,97,16.71,MH,1683829813
226,constantia,44.1833,28.65,47.08,69,30,10.11,RO,1683829813
227,kirakira,-10.4544,161.9205,80.19,86,47,9.22,SB,1683829814
228,ocean city,39.2776,-74.5746,81.18,67,92,7.0,US,1683829814
229,shenjiamen,29.9576,122.298,62.47,72,100,1.43,CN,1683829814
230,san patricio,28.017,-97.5169,87.66,63,99,14.9,US,1683829815
231,tazacorte,28.629,-17.9293,70.77,68,40,19.57,ES,1683829815
232,hawaiian paradise park,19.5933,-154.9731,78.03,83,0,3.44,US,1683829815
233,alvorada,-12.48,-49.1247,91.26,36,99,7.63,BR,1683829815
234,enewetak,11.3474,162.3373,81.45,84,94,14.56,MH,1683829816
235,ar rutbah,33.0381,40.2848,80.85,16,63,15.99,IQ,1683829816
236,namibe,-15.1961,12.1522,73.42,79,1,11.01,AO,1683829816
237,dampit,-8.2116,112.7493,72.21,96,100,3.85,ID,1683829817
238,cuatro cienegas de carranza,26.9833,-102.0833,92.71,7,16,1.9,MX,1683829817
239,nadi,-17.8,177.4167,71.6,88,20,6.91,FJ,1683829822
240,port hedland,-20.3167,118.5667,69.85,24,3,9.22,AU,1683829822
241,nasiriyah,31.0521,46.261,92.19,12,24,4.29,IQ,1683829731
242,queenstown,-31.8976,26.8753,52.05,81,54,5.88,ZA,1683829823
243,sao joao da barra,-21.6403,-41.0511,78.89,78,99,10.65,BR,1683829823
244,uturoa,-16.7333,-151.4333,80.42,79,100,15.46,PF,1683829823
245,huamachuco,-7.8,-78.0667,62.71,54,100,6.26,PE,1683829823
246,lata,40.1629,-8.3327,73.92,61,0,8.7,PT,1683829823
247,pacific grove,36.6177,-121.9166,63.25,70,40,8.05,US,1683829824
248,eraan,9.0629,117.7016,78.93,88,100,3.56,PH,1683829824
249,nova olimpia,-14.7972,-57.2881,84.99,58,96,2.24,BR,1683829824
250,khovd,48.0056,91.6419,54.01,42,28,7.63,MN,1683829824
251,saint-joseph,-21.3667,55.6167,73.78,79,100,12.12,RE,1683829825
252,tolanaro,-25.0319,46.9987,77.07,73,40,13.8,MG,1683829825
253,katabu,-4.9333,122.5167,75.81,87,40,3.56,ID,1683829825
254,trincomalee,8.5711,81.2335,82.11,81,100,23.2,LK,1683829825
255,chengde,40.9725,117.9361,53.53,60,15,1.5,CN,1683829826
256,kavieng,-2.5744,150.7967,81.84,77,100,1.61,PG,1683829826
257,vadso,70.0744,29.7487,49.08,76,0,4.61,NO,1683829826
258,codrington,-38.2667,141.9667,51.78,83,100,6.24,AU,1683829826
259,kondagaon,19.6,81.6667,80.38,21,50,2.13,IN,1683829827
260,vila franca do campo,37.7167,-25.4333,64.81,89,94,5.12,PT,1683829827
261,saldanha,-33.0117,17.9442,57.25,64,100,23.76,ZA,1683829828
262,mikhaylovskoye,51.8239,79.7172,54.18,60,100,12.77,RU,1683829828
263,casper,42.8666,-106.3131,51.73,90,100,19.57,US,1683829250
264,canto do buriti,-8.11,-42.9444,93.25,33,80,4.41,BR,1683829828
265,sinabang,2.4803,96.3801,82.18,83,100,10.09,ID,1683829828
266,annan,54.9884,-3.2565,59.77,89,16,8.43,GB,1683829829
267,yoakum,29.2878,-97.1519,87.24,66,90,12.5,US,1683829830
268,st. john's,47.5649,-52.7093,54.28,37,40,19.57,CA,1683829820
269,wustermark,52.55,12.95,69.12,33,100,9.53,DE,1683829830
270,haiku-pauwela,20.9219,-156.3051,77.04,72,20,5.75,US,1683829831
271,nejo,9.5,35.5,66.87,41,12,4.65,ET,1683829831
272,nagqu,31.5,92.0,21.94,78,100,3.29,CN,1683829831
273,ust-nera,64.5667,143.2,32.02,88,100,4.12,RU,1683829831
274,cockburn town,21.4612,-71.1419,80.4,76,45,10.47,TC,1683829632
275,labrador city,52.9463,-66.9114,53.51,30,0,11.5,CA,1683829832
276,garoowe,8.4054,48.4845,86.79,46,100,19.6,SO,1683829832
277,guarapari,-20.6667,-40.4975,75.88,79,72,8.16,BR,1683829832
278,al wajh,26.2455,36.4525,82.35,30,0,3.44,SA,1683829832
279,biryusinsk,55.9634,97.8235,40.98,57,98,4.81,RU,1683829833
280,fort st. john,56.2499,-120.8529,60.69,44,75,4.61,CA,1683829807
281,coahuayana de hidalgo,18.7,-103.6583,91.74,46,51,8.14,MX,1683829833
282,dubbo,-32.25,148.6167,44.73,87,0,9.22,AU,1683829833
283,pionerskiy,54.9508,20.2275,58.84,53,7,9.19,RU,1683829833
284,nola,40.922,14.5329,62.64,79,0,4.18,IT,1683829833
285,alaghsas,17.0187,8.0168,96.69,16,95,13.8,NE,1683829834
286,betafo,-19.8333,46.85,57.88,92,100,3.94,MG,1683829834
287,singaraja,-8.112,115.0882,81.0,84,43,3.11,ID,1683829834
288,mayahi,13.9553,7.6712,90.73,29,100,9.86,NE,1683829839
289,piti village,13.4626,144.6933,81.48,92,40,3.44,GU,1683829718
290,sandnessjoen,66.0217,12.6316,50.52,87,75,3.44,NO,1683829840
291,kirovsk,48.6375,38.6428,44.69,87,22,6.44,UA,1683829840
292,barra de santo antonio,-9.4047,-35.5072,87.08,73,8,11.34,BR,1683829840
293,lihue,21.9789,-159.3672,76.24,88,100,8.05,US,1683829652
294,levuka,50.1834,-105.4011,66.02,67,100,5.75,CA,1683829840
295,qarauyl,48.9451,79.255,63.18,38,51,9.35,KZ,1683829841
296,nuku'alofa,-21.1333,-175.2,73.74,94,20,4.61,TO,1683829841
297,yelizovo,53.1873,158.3805,33.94,93,75,2.24,RU,1683829841
298,williams lake,52.1415,-122.1445,71.06,39,40,6.91,CA,1683829841
299,holualoa,19.6228,-155.9522,73.78,79,100,5.01,US,1683829841
300,brisas de zicatela,15.8369,-97.0419,88.36,62,21,11.86,MX,1683829841
301,at taj,24.2049,23.2857,74.59,31,0,10.13,LY,1683829803
302,ghadamis,30.1337,9.5007,80.92,19,0,9.82,LY,1683829842
303,letlhakeng,-24.0944,25.0298,64.51,33,0,2.44,BW,1683829842
304,guasdualito,7.2424,-70.7324,89.56,62,40,3.44,VE,1683829842
305,dabou,5.3256,-4.3769,82.31,82,97,8.61,CI,1683829842
306,amga,60.8953,131.9608,30.65,93,100,4.41,RU,1683829843
307,tambovka,50.0969,128.0489,51.67,41,100,8.19,RU,1683829843
308,isiro,2.7739,27.616,68.34,97,78,0.34,CD,1683829776
309,grants,35.1473,-107.8514,64.63,19,0,6.91,US,1683829843
310,ciudad melchor muzquiz,27.8833,-101.5167,91.72,22,58,3.94,MX,1683829843
311,carutapera,-1.195,-46.02,82.58,77,70,5.3,BR,1683829843
312,plettenberg bay,-34.0527,23.3716,59.52,81,100,13.42,ZA,1683829843
313,castillos,-34.1667,-53.8333,62.17,56,96,8.37,UY,1683829844
314,margate,51.3813,1.3862,59.88,69,0,6.31,GB,1683829844
315,betare oya,5.6,14.0833,70.36,94,52,4.54,CM,1683829844
316,labytnangi,66.6572,66.4183,11.19,98,92,4.29,RU,1683829844
317,san jeronimo,-11.9472,-75.2829,62.1,43,100,6.02,PE,1683829844
318,woodlake,37.4211,-77.6793,82.98,51,0,9.22,US,1683829844
319,north elba,44.2434,-73.9543,71.35,43,68,4.0,US,1683829845
320,praia da vitoria,38.7333,-27.0667,65.75,94,75,10.83,PT,1683829845
321,khorinsk,52.1657,109.7726,33.26,65,0,4.07,RU,1683829845
322,smolensk,55.0,33.0,47.14,87,10,4.18,RU,1683829845
323,sao vicente,-23.9631,-46.3919,82.58,69,75,8.05,BR,1683829845
324,aibak,36.2647,68.0155,72.84,28,100,4.52,AF,1683829845
325,murray bridge,-35.1167,139.2667,54.99,65,100,4.81,AU,1683829845
326,ciudad bolivar,8.1222,-63.5497,98.98,27,71,3.06,VE,1683829846
327,westport,41.1415,-73.3579,81.9,33,0,16.11,US,1683829828
328,diu,20.7141,70.9822,87.57,47,2,8.39,IN,1683829846
329,niort,46.3333,-0.3333,58.17,79,71,8.19,FR,1683829846
330,hauterive,46.0901,3.4459,54.36,82,69,2.8,FR,1683829846
331,durres,41.3231,19.4414,62.78,76,1,7.56,AL,1683829847
332,palikir - national government center,6.9248,158.1611,82.06,78,100,8.84,FM,1683829847
333,mount gambier,-37.8333,140.7667,52.84,94,100,2.01,AU,1683829847
334,noosa heads,-26.3833,153.15,61.34,72,20,10.96,AU,1683829847
335,hirara,24.8,125.2833,68.27,73,18,4.61,JP,1683829847
336,saudarkrokur,65.7461,-19.6394,54.54,65,100,17.69,IS,1683829847
337,inhuma,-6.6683,-41.7078,90.97,37,99,2.08,BR,1683829848
338,douentza,14.9951,-2.9517,98.71,8,100,6.96,ML,1683829848
339,beledweyne,4.7358,45.2036,89.8,40,100,11.41,SO,1683829848
340,burley,42.5357,-113.7928,60.76,41,0,9.22,US,1683829848
341,kerikeri,-35.2268,173.9474,43.92,94,7,3.89,NZ,1683829848
342,hastings,50.8552,0.5729,57.97,30,20,3.47,GB,1683829848
343,kamaishi,39.2667,141.8833,43.7,83,3,4.43,JP,1683829854
344,alofi,-19.0595,-169.9187,75.09,100,16,5.75,NU,1683829854
345,prince george,53.9166,-122.753,64.62,52,40,1.01,CA,1683829751
346,bridgewater,44.3835,-64.5155,65.1,60,11,16.11,CA,1683829854
347,sault ste. marie,46.5168,-84.3333,79.09,42,40,8.05,CA,1683829622
348,filadelfia,39.9523,-75.1638,81.43,34,75,14.97,US,1683829835
349,pimentel,-6.8367,-79.9342,84.49,58,0,16.11,PE,1683829838
350,chilca,-12.5211,-76.7372,71.6,77,100,7.49,PE,1683829855
351,pendleton,45.6721,-118.7886,70.2,50,0,5.75,US,1683829855
352,tvoroyri,61.5556,-6.8111,49.33,84,1,8.61,FO,1683829860
353,tulun,54.5611,100.5792,43.0,48,100,11.52,RU,1683829860
354,saint-pierre,-21.3393,55.4781,74.88,73,40,5.75,RE,1683829860
355,dhidhdhoo,6.8833,73.1,84.51,75,87,9.13,MV,1683829860
356,boa vista,2.8197,-60.6733,85.98,62,75,5.75,BR,1683829856
357,tofol,5.3248,163.0078,78.48,86,100,3.36,FM,1683829861
358,dongola,19.1667,30.4833,96.44,9,28,6.4,SD,1683829861
359,kudahuvadhoo,2.6708,72.8944,82.65,80,65,14.54,MV,1683829861
360,deneysville,-26.8908,28.0971,56.64,39,0,5.79,ZA,1683829862
361,dudinka,69.4058,86.1778,2.62,97,20,12.01,RU,1683829862
362,mahina,-17.5065,-149.489,78.57,78,75,10.36,PF,1683829862
363,beyneu,45.3167,55.2,77.25,31,79,10.25,KZ,1683829862
364,celestun,20.8667,-90.4,92.39,54,68,8.3,MX,1683829862
365,chibougamau,49.9168,-74.3659,67.62,26,0,9.22,CA,1683829863
366,nguigmi,14.2495,13.1092,84.92,23,100,2.8,NE,1683829863
367,berdigestyakh,62.0989,126.6992,27.32,71,100,4.7,RU,1683829863
368,mariano,8.8333,125.1167,77.65,86,100,2.98,PH,1683829863
369,prince rupert,54.3161,-130.3201,55.49,55,100,13.8,CA,1683829727
370,talcahuano,-36.7167,-73.1167,65.88,63,0,11.5,CL,1683829863
371,marquette,46.5333,-87.6335,81.25,53,13,4.0,US,1683829864
372,gaalkacyo,6.7697,47.4308,89.69,41,100,10.69,SO,1683829864
373,mangalam,9.7667,78.6667,85.51,71,100,9.48,IN,1683829864
374,vernon,50.2581,-119.2691,70.61,45,10,2.3,CA,1683829850
375,cidreira,-30.1811,-50.2056,63.05,71,82,14.5,BR,1683829864
376,prado,-17.3411,-39.2208,78.64,73,55,8.08,BR,1683829864
377,terenozek,45.05,64.9833,79.54,26,100,13.15,KZ,1683829865
378,kingscliff,-28.2667,153.5667,61.77,88,76,5.75,AU,1683829865
379,punta arenas,-53.15,-70.9167,46.51,76,0,14.97,CL,1683829865
380,kilju,40.9642,129.3278,48.85,82,100,2.26,KP,1683829865
381,salym,60.0625,71.4789,27.99,78,5,4.61,RU,1683829865
382,itoman,26.1247,127.6694,69.82,64,8,4.61,JP,1683829866
383,el calafate,-50.3408,-72.2768,48.43,75,100,1.43,AR,1683829866
384,box elder,41.5005,-112.8764,57.47,37,5,2.26,US,1683829866
385,madimba,-10.4,40.3333,78.12,88,20,11.5,TZ,1683829866
386,ostersund,63.1792,14.6357,54.61,35,0,6.91,SE,1683829871
387,santa terezinha,-29.9002,-50.0904,63.79,66,60,14.9,BR,1683829871
388,labuan,5.2767,115.2417,79.16,94,20,0.0,MY,1683829872
389,pingliang,35.5392,106.6861,53.83,33,97,6.24,CN,1683829872
390,bam,29.106,58.357,84.88,18,38,5.14,IR,1683829872
391,malvan,16.0667,73.4667,83.8,81,100,4.54,IN,1683829872
392,kalmunai,7.4167,81.8167,80.87,84,100,3.71,LK,1683829872
393,kirensk,57.7853,108.1119,31.64,77,100,2.66,RU,1683829873
394,sangsong-ni,39.1694,126.8856,50.38,90,100,1.86,KP,1683829873
395,puerto baquerizo moreno,-0.9,-89.6,85.19,79,40,12.66,EC,1683829873
396,mukalla,14.5425,49.1242,84.29,73,97,6.71,YE,1683829873
397,le port,-20.9373,55.2919,76.96,88,100,5.99,RE,1683829873
398,portland,45.5234,-122.6762,69.94,58,20,6.91,US,1683829866
399,barrouallie,13.2333,-61.2667,83.82,70,40,5.75,VC,1683829874
400,tsiombe,-25.3,45.4833,73.04,86,100,3.62,MG,1683829874
401,muli,2.9167,73.5667,83.17,79,100,19.01,MV,1683829874
402,tarawa,1.419,172.984,82.49,83,20,8.05,KI,1683829874
403,mar del plata,-38.0023,-57.5575,57.94,68,0,8.05,AR,1683829874
404,kalampaka,39.7044,21.6269,53.11,99,100,2.8,GR,1683829875
405,saint-philippe,-21.3585,55.7679,74.79,82,100,12.5,RE,1683829875
406,tamanrasset,22.785,5.5228,80.15,15,100,12.91,DZ,1683829875
407,misratah,32.3754,15.0925,66.79,71,40,6.26,LY,1683829875
408,durban,-29.8579,31.0292,67.12,82,0,8.21,ZA,1683829876
409,shaowu,27.3409,117.4831,62.31,97,100,3.11,CN,1683829876
410,miracema do tocantins,-9.5618,-48.3967,89.26,53,72,3.67,BR,1683829876
411,manistee,44.2445,-86.3242,75.15,44,0,16.11,US,1683829881
412,laojunmiao,39.8333,97.7333,52.18,20,0,10.36,CN,1683829881
413,usogorsk,63.4106,48.6872,47.44,97,100,5.28,RU,1683829882
414,la sarre,48.8002,-79.1996,67.12,49,52,9.62,CA,1683829784
415,santa marta,11.2408,-74.199,93.25,62,40,9.22,CO,1683829671
416,sungai penuh,-2.0833,101.3833,66.54,98,100,4.52,ID,1683829882
417,ocozocoautla de espinosa,16.7667,-93.3667,83.8,33,0,6.82,MX,1683829882
418,kaliganj,23.4095,89.1402,84.97,61,60,7.92,BD,1683829883
419,acarau,-2.8856,-40.12,82.94,78,25,9.28,BR,1683829883
420,bloomingdale,27.8936,-82.2404,95.05,52,40,9.22,US,1683829883
421,oblivskaya,48.5362,42.5014,48.69,81,85,6.2,RU,1683829883
422,el granada,37.5027,-122.4694,66.78,74,75,9.22,US,1683829884
423,greymouth,-42.4667,171.2,40.28,73,11,6.93,NZ,1683829884
424,buchanan,5.8808,-10.0467,81.59,84,52,9.04,LR,1683829884
425,vel'sk,61.0701,42.0983,54.52,59,100,2.95,RU,1683829884
426,harstad,68.799,16.5293,46.15,100,100,18.01,NO,1683829884
427,undurkhaan,47.3194,110.6556,42.91,53,100,14.38,MN,1683829885
428,sant'antioco,39.0664,8.4522,59.49,68,6,8.63,IT,1683829885
429,nova kakhovka,46.7545,33.3486,50.67,53,6,3.67,UA,1683829885
430,ust-tsilma,65.441,52.1498,35.94,100,100,4.9,RU,1683829885
431,salalah,17.0151,54.0924,86.09,62,0,3.44,OM,1683829886
432,manggar,-2.8833,108.2667,82.71,81,31,8.61,ID,1683829886
433,sur,22.5667,59.5289,90.34,40,0,5.08,OM,1683829886
434,zuyevka,58.405,51.1335,44.58,66,7,4.68,RU,1683829886
435,batangafo,7.3008,18.2833,81.79,56,92,3.94,CF,1683829886
436,bonthe,7.5264,-12.505,82.6,74,53,8.3,SL,1683829887
437,winchester center,41.9001,-73.1348,77.04,32,11,5.01,US,1683829653
438,chegdomyn,51.1167,133.0167,41.85,65,8,3.65,RU,1683829887
439,dobryanka,58.4619,56.4165,41.72,64,0,1.86,RU,1683829887
440,ascension,30.2169,-90.9001,88.09,69,100,10.36,US,1683829887
441,malango,-2.9627,119.9001,68.16,98,100,1.52,ID,1683829887
442,odacho-oda,35.1833,132.5,56.52,63,0,6.93,JP,1683829888
443,sferracavallo,42.726,12.0956,62.42,80,83,5.39,IT,1683829888
444,zaragoza,41.6561,-0.8773,64.02,41,0,24.16,ES,1683829784
445,rabaul,-4.1967,152.1721,79.86,82,100,5.14,PG,1683829888
446,sungurlu,40.1675,34.3739,51.1,85,100,6.67,TR,1683829888
447,cooper's town,26.8667,-77.5167,77.52,69,0,12.35,BS,1683829889
448,kingston,17.997,-76.7936,89.24,68,20,25.32,JM,1683829729
449,menongue,-14.6585,17.691,62.74,43,4,4.12,AO,1683829889
450,galliano,29.4422,-90.2992,87.8,70,75,16.11,US,1683829889
451,chonchi,-42.6128,-73.8092,58.12,83,100,2.91,CL,1683829889
452,vuktyl,63.8567,57.3094,34.14,80,91,6.13,RU,1683829889
453,serhiyivka,46.0272,30.3768,50.88,63,4,2.15,UA,1683829890
454,gore,-46.1028,168.9436,47.62,97,100,5.08,NZ,1683829890
455,cannonvale,-20.2833,148.7,70.99,82,7,16.46,AU,1683829890
456,cidade velha,14.9167,-23.6167,81.07,61,0,18.41,CV,1683829890
457,arteche,12.2645,125.4048,79.03,83,96,3.89,PH,1683829891
458,ciudad general teran,25.2667,-99.6833,93.61,35,0,1.07,MX,1683829891
459,mawu,29.5923,107.3139,59.9,91,99,2.91,CN,1683829891
460,taoudenni,22.6783,-3.9836,99.41,8,87,12.44,ML,1683829891
461,amos,48.5669,-78.1162,69.33,40,100,6.76,CA,1683829802
462,alice springs,-23.7,133.8833,38.75,75,0,5.66,AU,1683829891
463,purna,19.1833,77.05,93.69,16,16,1.34,IN,1683829892
464,retreat,38.8245,-85.8533,83.23,52,88,7.02,US,1683829892
465,prineville,44.2999,-120.8345,66.11,51,0,4.61,US,1683829723
466,porto seguro,-16.4497,-39.0647,81.12,74,20,6.91,BR,1683829892
467,dolores,-36.3132,-57.6792,60.91,43,8,2.75,AR,1683829892
468,glace bay,46.1969,-59.957,61.27,31,20,10.36,CA,1683829893
469,aasiaat,68.7098,-52.8699,27.68,74,100,3.18,GL,1683829893
470,vizinga,61.0749,50.1031,45.63,67,81,4.94,RU,1683829893
471,wynyard,-41.0,145.7167,49.98,84,100,4.43,AU,1683829893
472,kosong,38.3788,128.4676,54.09,82,100,3.62,KR,1683829893
473,nelson bay,-32.7167,152.15,60.01,92,10,5.99,AU,1683829893
474,saint-francois,46.4154,3.9054,54.84,71,75,3.44,FR,1683829894
475,belev,53.8119,36.1319,46.49,82,60,4.63,RU,1683829894
476,bridlington,54.0831,-0.1919,57.13,89,10,1.99,GB,1683829894
477,nijar,36.9665,-2.206,67.66,68,20,6.91,ES,1683829894
478,newman,37.3138,-121.0208,70.14,58,49,5.99,US,1683829894
479,mutuali,-14.8706,37.0044,69.42,65,100,2.68,MZ,1683829894
480,hobyo,5.3505,48.5268,81.39,84,60,24.07,SO,1683829895
481,den helder,52.9599,4.7593,58.01,89,100,15.99,NL,1683829895
482,guerrero negro,27.9769,-114.0611,64.53,61,64,20.98,MX,1683829895
483,puerto aysen,-45.4,-72.7,53.64,82,100,9.22,CL,1683829895
484,aliveri,38.4167,24.0333,60.4,80,100,7.34,GR,1683829895
485,verkhnevilyuysk,63.4453,120.3167,28.72,76,0,3.44,RU,1683829895
486,quepos,9.4236,-84.1652,87.67,67,96,5.68,CR,1683829895
487,kuqa,41.7278,82.9364,64.26,13,13,1.88,CN,1683829896
488,imeong hamlet,7.5313,134.5271,75.22,100,75,0.0,PW,1683829896
489,nova vicosa,-17.8919,-39.3719,78.28,73,95,8.59,BR,1683829896
490,sumbe,-11.2061,13.8437,78.64,89,0,6.67,AO,1683829896
491,zeya,53.75,127.2667,52.83,47,100,7.67,RU,1683829896
492,martapura,-3.4167,114.85,78.89,100,79,0.0,ID,1683829897
493,makuyuni,-4.7333,38.1,69.44,88,9,3.89,TZ,1683829897
494,chikitigarh,19.2,84.6167,82.2,73,100,3.04,IN,1683829897
495,fuglafjordur,62.244,-6.814,52.27,82,1,9.19,FO,1683829897
496,loa janan,-0.583,117.095,75.02,98,80,1.63,ID,1683829897
497,prum,50.2167,6.4167,52.48,93,100,4.92,DE,1683829898
498,hotan,37.0997,79.9269,63.9,10,0,6.8,CN,1683829898
499,la gi,10.6667,107.7833,80.89,83,100,6.73,VN,1683829898
500,arno,60.1167,18.6333,48.78,54,44,8.61,SE,1683829898
501,vila velha,-20.3297,-40.2925,76.95,82,75,11.5,BR,1683829736
502,manta,-0.95,-80.7333,87.58,66,40,8.05,EC,1683829898
503,souillac,-20.5167,57.5167,77.38,73,40,8.05,MU,1683829899
504,sandpoint,48.2766,-116.5533,65.86,61,4,1.99,US,1683829654
505,shanwei,22.782,115.3475,73.17,77,100,6.73,CN,1683829899
506,gizo,-8.103,156.8419,82.6,77,31,4.76,SB,1683829899
507,tuyen quang,21.8233,105.2181,73.36,90,100,0.76,VN,1683829899
508,pachperwa,27.5167,82.65,81.68,13,0,5.66,IN,1683829899
509,tateyama,34.9833,139.8667,59.85,69,100,6.82,JP,1683829899
510,karratha,-20.7377,116.8463,73.6,41,0,8.81,AU,1683829900
511,sarkand,45.41,79.9186,66.31,24,100,8.46,KZ,1683829900
512,puerto armuelles,8.2833,-82.8667,91.38,69,29,7.43,PA,1683829900
513,arawa,-6.2132,155.5367,77.77,92,75,2.46,PG,1683829900
514,jertih,5.7336,102.4897,77.31,89,98,3.51,MY,1683829900
515,aswan,24.0934,32.907,94.3,12,0,3.44,EG,1683829900
516,kristiansund,63.1115,7.732,51.85,81,75,4.61,NO,1683829901
517,maintirano,-18.0667,44.0167,78.44,80,100,4.29,MG,1683829901
518,ploneour-lanvern,47.9,-4.2833,57.52,77,75,16.11,FR,1683829901
519,walvis bay,-22.9575,14.5053,59.95,88,100,4.61,NA,1683829901
520,canutama,-6.5339,-64.3831,79.09,91,100,2.53,BR,1683829901
521,ghat,24.9647,10.1728,81.39,18,82,8.72,LY,1683829901
522,peniche,39.3558,-9.3811,66.07,77,1,27.63,PT,1683829902
523,tobelo,1.7284,128.0095,81.01,82,100,1.95,ID,1683829902
524,ornskoldsvik,63.2909,18.7153,59.95,44,0,10.36,SE,1683829902
525,kerch,45.3583,36.4758,51.93,63,0,4.68,UA,1683829902
526,chinde,26.8418,88.0763,63.55,24,0,7.02,NP,1683829902
527,mili,6.0815,171.735,82.06,81,100,17.16,MH,1683829902
528,plymouth,41.8334,-70.8328,82.22,37,0,9.22,US,1683829621
529,pantai remis,4.4557,100.6288,82.42,88,78,2.66,MY,1683829903
530,solleftea,63.1667,17.2667,59.59,62,18,6.08,SE,1683829903
531,erdenet,49.0333,104.0833,30.72,89,7,3.85,MN,1683829903
532,san jose de mayo,-34.3375,-56.7136,63.88,46,53,6.51,UY,1683829717
533,villa gesell,-37.2639,-56.973,59.05,61,58,6.8,AR,1683829810
534,bereeda,11.8704,51.0579,84.42,78,100,7.92,SO,1683829903
535,whangarei,-35.7317,174.3239,46.26,93,12,3.27,NZ,1683829904
536,santa vitoria do palmar,-33.5189,-53.3681,62.51,64,39,8.72,BR,1683829904
537,shimoda,34.6667,138.95,54.1,83,88,12.53,JP,1683829904
538,kailua-kona,19.6406,-155.9956,78.51,77,100,5.01,US,1683829669
539,laminusa,5.5549,120.9136,83.7,75,62,3.29,PH,1683829904
540,guia lopes da laguna,-21.4578,-56.1142,77.94,49,16,5.3,BR,1683829905
541,kabinda,-6.1333,24.4833,70.77,74,10,3.6,CD,1683829905
542,zhengzhou,34.7578,113.6486,63.09,48,59,4.65,CN,1683829905
543,magadan,59.5667,150.8,32.56,92,100,2.48,RU,1683829905
544,teruel,40.6667,-0.6667,44.55,61,9,19.66,ES,1683829905
545,dire,12.2833,-10.9667,99.86,17,99,5.1,ML,1683829905
546,padangsidempuan,1.3667,99.2667,72.64,98,59,3.04,ID,1683829906
547,santa ana,33.7456,-117.8678,67.86,66,75,3.44,US,1683829906
548,millerovo,48.9226,40.3967,45.14,87,15,7.36,RU,1683829906
549,city of balikpapan,-1.242,116.8942,82.35,89,20,2.3,ID,1683829906
550,ghazni,33.5536,68.4269,60.78,47,77,5.61,AF,1683829906
551,satun,6.8333,100.0,77.0,89,94,2.98,TH,1683829907
552,vicuna mackenna,-33.9197,-64.3922,70.9,54,40,13.47,AR,1683829907
553,dazuocun,24.8862,118.9643,67.77,81,100,11.97,CN,1683829907
554,chateaubelair,13.2833,-61.25,84.72,70,40,5.75,VC,1683829907
555,jala,21.0833,-104.4333,93.85,13,3,8.25,MX,1683829907
556,north platte,41.1239,-100.7654,74.12,69,75,21.99,US,1683829907
557,trairi,-3.2778,-39.2689,83.46,73,73,8.34,BR,1683829867
558,pacocha,-17.5833,-71.3333,69.94,78,100,8.05,PE,1683829908
559,necochea,-38.5473,-58.7368,58.64,46,91,6.58,AR,1683829908
560,mhamid,29.82,-5.72,98.46,5,88,22.19,MA,1683829908
561,bechar,31.6167,-2.2167,87.08,11,8,3.58,DZ,1683829908
562,aosta,45.7667,7.4167,43.84,51,93,5.64,IT,1683829687
563,muriti,-1.9833,32.9167,73.27,71,58,3.96,TZ,1683829908
564,tobruk,32.0836,23.9764,65.03,85,6,6.53,LY,1683829909
565,vimmerby,57.6659,15.8552,49.41,48,48,7.14,SE,1683829909
566,trosa,58.8962,17.5481,57.61,55,72,10.71,SE,1683829762
567,surgut,61.25,73.4167,26.78,73,0,4.47,RU,1683829840
